method,case,family,sources,cleared,virtual_time_s,s_per_source,movement_m,measurements,failed_clears,stops,outer_sector_transitions,runtime_s,shared_stops,recovery_actions,max_wait_seen,cover_searches,failure
b2,n10_uniform_disk_2,uniform_disk,10,10,3345.6717280299385,334.56717280299387,12548.35864014969,132,0,30,4,0.03074410000408534,0,0,0,0,
b2,n10_outer_ring_3,outer_ring,10,10,4049.9130565085184,404.9913056508518,15584.565282542597,149,0,37,9,0.030629500004579313,0,0,0,0,
b2,n10_two_clusters_0,two_clusters,10,10,2717.5401480275564,271.75401480275565,9522.700740137783,128,0,31,4,0.028294600007939152,0,0,0,0,
b2,n10_narrow_sector_1,narrow_sector,10,10,2875.8887674318867,287.5888767431887,10209.443837159431,131,0,25,3,0.03453659999649972,0,0,0,0,
b2,n10_coverage_seams_2,coverage_seams,10,10,3895.1500083443193,389.51500083443193,14850.7500417216,147,0,32,10,0.030349499997100793,0,0,0,0,
b2,n11_uniform_disk_3,uniform_disk,11,11,3352.765214609146,304.79683769174056,12558.826073045724,132,0,31,4,0.03419279999798164,0,0,0,0,
b2,n11_outer_ring_0,outer_ring,11,11,4374.500246584534,397.68184059859396,16947.50123292267,157,0,40,5,0.03347399999620393,0,0,0,0,
b2,n11_two_clusters_1,two_clusters,11,11,2500.2012584639874,227.29102349672613,8696.006292319937,118,0,28,4,0.04140719999850262,0,0,0,0,
b2,n11_narrow_sector_2,narrow_sector,11,11,2674.858226318176,243.16892966528874,9819.29113159088,110,0,24,2,0.03816759999608621,0,0,0,0,
b2,n11_coverage_seams_3,coverage_seams,11,11,4462.759038244684,405.7053671131531,18083.795191223428,134,0,40,12,0.03705020000052173,0,0,0,0,
b2,n12_uniform_disk_0,uniform_disk,12,12,3623.8776103229725,301.9898008602477,14034.388051614867,127,0,29,4,0.040870700002415106,0,0,0,0,
b2,n12_outer_ring_1,outer_ring,12,12,4615.28171776936,384.6068098141133,18456.4085888468,146,0,41,6,0.037900399998761714,0,0,0,0,
b2,n12_two_clusters_2,two_clusters,12,12,2708.7808828831003,225.73174024025835,9243.904414415503,134,0,32,4,0.03974369999195915,0,0,0,0,
b2,n12_narrow_sector_3,narrow_sector,12,12,2600.575910335626,216.7146591946355,9692.87955167813,101,0,33,2,0.036929200010490604,0,0,0,0,
b2,n12_coverage_seams_0,coverage_seams,12,12,4720.934637303148,393.4112197752623,19044.673186515727,144,0,42,16,0.03644989999884274,0,0,0,0,
b2,n13_uniform_disk_1,uniform_disk,13,13,3215.612757476017,247.35482749815517,12128.06378738009,122,0,37,5,0.044352700002491474,0,0,0,0,
b2,n13_outer_ring_2,outer_ring,13,13,4683.157947163539,360.2429190125799,18695.78973581769,149,0,46,8,0.03898769999796059,0,0,0,0,
b2,n13_two_clusters_3,two_clusters,13,13,2548.3421625453407,196.02632019579545,8471.710812726706,132,0,33,3,0.04993030001060106,0,0,0,0,
b2,n13_narrow_sector_0,narrow_sector,13,13,2992.7224124955746,230.20941634581342,9943.612062477878,157,0,28,2,0.040836700005456805,0,0,0,0,
b2,n13_coverage_seams_1,coverage_seams,13,13,4580.6419443051445,352.3570726388573,18223.20972152572,147,0,43,15,0.04347560000314843,0,0,0,0,
b2,n14_uniform_disk_2,uniform_disk,14,14,3934.734810316224,281.05248645115887,15893.67405158111,116,0,41,5,0.04000599999562837,0,0,0,0,
b2,n14_outer_ring_3,outer_ring,14,14,4642.438638063146,331.6027598616533,18667.193190315724,142,0,47,6,0.04326599999330938,0,0,0,0,
b2,n14_two_clusters_0,two_clusters,14,14,3252.5415000140947,232.32439285814962,11757.707500070472,140,0,43,9,0.039228399997227825,0,0,0,0,
b2,n14_narrow_sector_1,narrow_sector,14,14,2437.5970540961575,174.11407529258267,9117.985270480789,91,0,26,2,0.04474599999957718,0,0,0,0,
b2,n14_coverage_seams_2,coverage_seams,14,14,4969.874608197283,354.99104344266306,20029.373040986407,151,0,45,11,0.042879100001300685,0,0,0,0,
b2,n15_uniform_disk_3,uniform_disk,15,15,4161.520795870757,277.4347197247171,16537.60397935378,131,0,40,7,0.047126199991907924,0,0,0,0,
b2,n15_outer_ring_0,outer_ring,15,15,5027.074068697753,335.13827124651687,20340.370343488772,150,0,51,6,0.045161399990320206,0,0,0,0,
b2,n15_two_clusters_1,two_clusters,15,15,2646.9693437679193,176.46462291786128,9659.846718839593,107,0,36,4,0.05069360000197776,0,0,0,0,
b2,n15_narrow_sector_2,narrow_sector,15,15,3045.6979634394397,203.04653089596266,11818.489817197202,102,0,33,3,0.0482763000036357,0,0,0,0,
b2,n15_coverage_seams_3,coverage_seams,15,15,5143.0595983602925,342.87063989068616,21235.29799180146,139,0,49,18,0.044929099996807054,0,0,0,0,
b2,n16_uniform_disk_0,uniform_disk,16,16,3960.5302400842884,247.53314000526802,15527.651200421442,131,0,44,8,0.0480354999890551,0,0,0,0,
b2,n16_outer_ring_1,outer_ring,16,16,4748.021260945669,296.75132880910434,19175.106304728346,141,0,51,7,0.04974870001024101,0,0,0,0,
b2,n16_two_clusters_2,two_clusters,16,16,2784.662518341403,174.0414073963377,9638.312591707008,130,0,38,4,0.057418299998971634,0,0,0,0,
b2,n16_narrow_sector_3,narrow_sector,16,16,3107.1404625570644,194.19627890981653,12160.702312785324,100,0,43,3,0.06036750000203028,0,0,0,0,
b2,n16_coverage_seams_0,coverage_seams,16,16,5483.298569332671,342.70616058329193,22806.492846663357,143,0,53,16,0.05636800000502262,0,0,0,0,
q2,n10_uniform_disk_2,uniform_disk,10,10,2961.7912213566146,296.1791221356615,10728.956106783073,128,0,20,4,0.416320899996208,0,0,0,0,
q2,n10_outer_ring_3,outer_ring,10,10,3100.970323753237,310.0970323753237,10754.851618766183,150,1,23,4,0.3383606999996118,0,0,0,0,
q2,n10_two_clusters_0,two_clusters,10,10,2339.0684166449714,233.90684166449714,7570.342083224856,129,1,21,2,0.32588019999093376,0,0,0,0,
q2,n10_narrow_sector_1,narrow_sector,10,10,2403.3694532679865,240.33694532679866,8371.847266339933,113,1,20,1,0.39358920000086073,0,0,0,0,
q2,n10_coverage_seams_2,coverage_seams,10,10,3232.8523632707793,323.28523632707794,11359.261816353901,149,9,35,6,0.6212375000031898,0,0,0,0,
q2,n11_uniform_disk_3,uniform_disk,11,11,2931.686980104602,266.51699819132745,10548.434900523009,127,3,25,5,0.5849550999992061,0,0,0,0,
q2,n11_outer_ring_0,outer_ring,11,11,4041.1514910195447,367.37740827450403,15615.757455097732,144,2,33,5,0.42362809999031015,0,0,0,0,
q2,n11_two_clusters_1,two_clusters,11,11,2485.9667439526715,225.99697672297015,8364.833719763355,126,2,22,3,0.39643909998994786,0,0,0,0,
q2,n11_narrow_sector_2,narrow_sector,11,11,2613.6981777111187,237.60892524646533,9468.490888555592,111,1,22,1,0.42139980000501964,0,0,0,0,
q2,n11_coverage_seams_3,coverage_seams,11,11,3188.0606630596158,289.8236966417833,11340.303315298079,141,10,38,5,0.6921416999975918,0,0,0,0,
q2,n12_uniform_disk_0,uniform_disk,12,12,3178.740787895388,264.89506565794903,11858.703939476938,125,1,28,4,0.6840683000045829,0,0,0,0,
q2,n12_outer_ring_1,outer_ring,12,12,3302.7671070328865,275.23059225274056,11978.835535164433,139,7,32,6,0.815381399996113,0,0,0,0,
q2,n12_two_clusters_2,two_clusters,12,12,2343.279107096473,195.27325892470608,7711.395535482366,123,2,22,3,0.40219119998801034,0,0,0,0,
q2,n12_narrow_sector_3,narrow_sector,12,12,2289.8221835966347,190.81851529971956,7864.110917983173,110,0,20,1,0.2790217000001576,0,0,0,0,
q2,n12_coverage_seams_0,coverage_seams,12,12,3311.8745662017186,275.98954718347653,11984.372831008593,140,8,35,8,0.6220724000013433,0,0,0,0,
q2,n13_uniform_disk_1,uniform_disk,13,13,3097.3989118814357,238.26145476011044,11351.994559407178,125,6,28,5,0.8602459000103408,0,0,0,0,
q2,n13_outer_ring_2,outer_ring,13,13,3988.672522304989,306.8209632542299,15463.362611524943,137,5,33,6,0.4444828999985475,0,0,0,0,
q2,n13_two_clusters_3,two_clusters,13,13,2443.085687940006,187.9296683030774,8605.42843970003,109,2,25,2,0.4618566999997711,0,0,0,0,
q2,n13_narrow_sector_0,narrow_sector,13,13,2654.6661182223115,204.20508601710088,9818.33059111156,105,0,23,1,0.40717900000163354,0,0,0,0,
q2,n13_coverage_seams_1,coverage_seams,13,13,3578.066166258443,275.2358589429572,13150.330831292222,143,13,45,6,0.8698743999993894,0,0,0,0,
q2,n14_uniform_disk_2,uniform_disk,14,14,3635.961647388343,259.7115462420245,14204.808236941717,120,4,35,5,0.8645899999974063,0,0,0,0,
q2,n14_outer_ring_3,outer_ring,14,14,3279.388238067541,234.24201700482436,12131.941190337706,130,2,27,6,0.3064938000024995,0,0,0,0,
q2,n14_two_clusters_0,two_clusters,14,14,2696.06135928516,192.57581137751143,9200.306796425799,131,1,25,3,0.45713870000327006,0,0,0,0,
q2,n14_narrow_sector_1,narrow_sector,14,14,2427.804817876538,173.41462984832415,8794.02408938269,100,0,22,1,0.28405459999339655,0,0,0,0,
q2,n14_coverage_seams_2,coverage_seams,14,14,3427.646532216298,244.831895158307,12443.232661081494,141,12,45,6,0.8591120999917621,0,0,0,0,
q2,n15_uniform_disk_3,uniform_disk,15,15,3512.478086381964,234.1652057587976,13417.390431909824,126,1,29,10,0.7388535999925807,0,0,0,0,
q2,n15_outer_ring_0,outer_ring,15,15,4304.50837050369,286.967224700246,17312.54185251845,128,4,41,6,0.5828799000009894,0,0,0,0,
q2,n15_two_clusters_1,two_clusters,15,15,2498.388286513385,166.55921910089234,8476.941432566928,121,2,25,3,0.47981229999277275,0,0,0,0,
q2,n15_narrow_sector_2,narrow_sector,15,15,2592.0311846492586,172.80207897661725,9155.155923246295,114,2,28,1,0.5146164000034332,0,0,0,0,
q2,n15_coverage_seams_3,coverage_seams,15,15,3577.193838374322,238.4795892249548,13285.969191871605,137,12,46,7,0.8630637000023853,0,0,0,0,
q2,n16_uniform_disk_0,uniform_disk,16,16,3439.179476877005,214.94871730481282,13250.897384385025,118,2,30,6,0.7566647999919951,0,0,0,0,
q2,n16_outer_ring_1,outer_ring,16,16,3387.1349838363058,211.6959364897691,12560.674919181527,130,9,36,6,0.7965918999980204,0,0,0,0,
q2,n16_two_clusters_2,two_clusters,16,16,2141.309926980437,133.8318704362773,7201.549634902186,103,2,23,3,0.4333328999928199,0,0,0,0,
q2,n16_narrow_sector_3,narrow_sector,16,16,1519.3207619695195,94.95754762309497,4576.603809847599,87,2,24,0,0.41451030000462197,0,0,0,0,
q2,n16_coverage_seams_0,coverage_seams,16,16,3584.8917888853816,224.05573680533635,13534.458944426902,128,16,54,6,1.1358078000048408,0,0,0,0,
b4,n10_uniform_disk_2,uniform_disk,10,10,2961.7912213566146,296.1791221356615,10728.956106783073,128,0,20,4,0.6464631999988342,0,0,0,0,
b4,n10_outer_ring_3,outer_ring,10,10,3100.970323753237,310.0970323753237,10754.851618766183,150,1,23,4,0.5103554999950575,0,0,0,0,
b4,n10_two_clusters_0,two_clusters,10,10,2339.0684166449714,233.90684166449714,7570.342083224856,129,1,21,2,0.4881483000062872,0,0,0,0,
b4,n10_narrow_sector_1,narrow_sector,10,10,2417.4626556331177,241.74626556331177,8397.31327816559,114,2,21,1,0.6874887999874773,0,0,0,0,
b4,n10_coverage_seams_2,coverage_seams,10,10,3232.8523632707793,323.28523632707794,11359.261816353901,149,9,35,6,0.6707083999936003,0,0,0,0,
b4,n11_uniform_disk_3,uniform_disk,11,11,2931.686980104602,266.51699819132745,10548.434900523009,127,3,25,5,0.7853583000105573,0,0,0,0,
b4,n11_outer_ring_0,outer_ring,11,11,4041.1514910195447,367.37740827450403,15615.757455097732,144,2,33,5,0.4285176999983378,0,0,0,0,
b4,n11_two_clusters_1,two_clusters,11,11,2485.9667439526715,225.99697672297015,8364.833719763355,126,2,22,3,0.6746243000088725,0,0,0,0,
b4,n11_narrow_sector_2,narrow_sector,11,11,2429.9252095796833,220.9022917799712,8589.626047898419,110,0,19,1,0.5825218000099994,0,0,0,0,
b4,n11_coverage_seams_3,coverage_seams,11,11,3188.0606630596158,289.8236966417833,11340.303315298079,141,10,38,5,0.7152096000063466,0,0,0,0,
b4,n12_uniform_disk_0,uniform_disk,12,12,3178.740787895388,264.89506565794903,11858.703939476938,125,1,28,4,1.2792969000001904,0,0,0,0,
b4,n12_outer_ring_1,outer_ring,12,12,3302.7671070328865,275.23059225274056,11978.835535164433,139,7,32,6,0.8499870999949053,0,0,0,0,
b4,n12_two_clusters_2,two_clusters,12,12,2343.279107096473,195.27325892470608,7711.395535482366,123,2,22,3,0.8331572999886703,0,0,0,0,
b4,n12_narrow_sector_3,narrow_sector,12,12,2297.271522021892,191.43929350182432,7886.357610109461,110,1,21,1,0.5351842000090983,0,0,0,0,
b4,n12_coverage_seams_0,coverage_seams,12,12,3311.8745662017186,275.98954718347653,11984.372831008593,140,8,35,8,1.3983399999997346,0,0,0,0,
b4,n13_uniform_disk_1,uniform_disk,13,13,3097.3989118814357,238.26145476011044,11351.994559407178,125,6,28,5,1.3264663000009023,0,0,0,0,
b4,n13_outer_ring_2,outer_ring,13,13,3988.672522304989,306.8209632542299,15463.362611524943,137,5,33,6,0.4881427999935113,0,0,0,0,
b4,n13_two_clusters_3,two_clusters,13,13,2443.085687940006,187.9296683030774,8605.42843970003,109,2,25,2,0.9978488000051584,0,0,0,0,
b4,n13_narrow_sector_0,narrow_sector,13,13,2535.2156413649623,195.0165877973048,9186.078206824814,106,0,21,1,0.5243941000080667,0,0,0,0,
b4,n13_coverage_seams_1,coverage_seams,13,13,3578.066166258443,275.2358589429572,13150.330831292222,143,13,45,6,0.8979782999958843,0,0,0,0,
b4,n14_uniform_disk_2,uniform_disk,14,14,3635.961647388343,259.7115462420245,14204.808236941717,120,4,35,5,1.2766738000063924,0,0,0,0,
b4,n14_outer_ring_3,outer_ring,14,14,3279.388238067541,234.24201700482436,12131.941190337706,130,2,27,6,0.2950656000029994,0,0,0,0,
b4,n14_two_clusters_0,two_clusters,14,14,2696.06135928516,192.57581137751143,9200.306796425799,131,1,25,3,0.6068948000029195,0,0,0,0,
b4,n14_narrow_sector_1,narrow_sector,14,14,2427.804817876538,173.41462984832415,8794.02408938269,100,0,22,1,0.41490249999333173,0,0,0,0,
b4,n14_coverage_seams_2,coverage_seams,14,14,3427.646532216298,244.831895158307,12443.232661081494,141,12,45,6,1.0552899000031175,0,0,0,0,
b4,n15_uniform_disk_3,uniform_disk,15,15,3512.478086381964,234.1652057587976,13417.390431909824,126,1,29,10,1.1548964999965392,0,0,0,0,
b4,n15_outer_ring_0,outer_ring,15,15,4304.50837050369,286.967224700246,17312.54185251845,128,4,41,6,0.6041701000067405,0,0,0,0,
b4,n15_two_clusters_1,two_clusters,15,15,2498.388286513385,166.55921910089234,8476.941432566928,121,2,25,3,0.9979877000005217,0,0,0,0,
b4,n15_narrow_sector_2,narrow_sector,15,15,2575.734154653836,171.71561031025573,9158.670773269183,111,2,28,1,0.9624861999909626,0,0,0,0,
b4,n15_coverage_seams_3,coverage_seams,15,15,3577.193838374322,238.4795892249548,13285.969191871605,137,12,46,7,1.2845688999950653,0,0,0,0,
b4,n16_uniform_disk_0,uniform_disk,16,16,3628.2069522590455,226.76293451619034,13856.034761295228,128,5,32,6,1.3467908000020543,0,0,0,0,
b4,n16_outer_ring_1,outer_ring,16,16,3387.1349838363058,211.6959364897691,12560.674919181527,130,9,36,6,1.0856945999985328,0,0,0,0,
b4,n16_two_clusters_2,two_clusters,16,16,2141.309926980437,133.8318704362773,7201.549634902186,103,2,23,3,0.8366702000057558,0,0,0,0,
b4,n16_narrow_sector_3,narrow_sector,16,16,1307.059419271434,81.69121370446463,3840.297096357169,76,2,20,0,0.6215139999985695,0,0,0,0,
b4,n16_coverage_seams_0,coverage_seams,16,16,3584.8917888853816,224.05573680533635,13534.458944426902,128,16,54,6,1.0665109999972628,0,0,0,0,
b5,n10_uniform_disk_2,uniform_disk,10,10,3499.9072091977646,349.99072091977644,13484.536045988823,126,0,24,5,1.0719431000034092,2,0,10,0,
b5,n10_outer_ring_3,outer_ring,10,10,3819.7417903398873,381.9741790339887,14613.708951699438,142,0,27,6,1.3273868999967817,7,0,3,0,
b5,n10_two_clusters_0,two_clusters,10,10,2435.956725284711,243.59567252847108,8194.783626423554,125,0,20,2,0.8054807000007713,2,0,6,0,
b5,n10_narrow_sector_1,narrow_sector,10,10,2573.351523940512,257.3351523940512,9156.757619702561,116,0,21,0,2.8052424999914365,4,0,10,0,
b5,n10_coverage_seams_2,coverage_seams,10,10,3308.862354798476,330.88623547984764,12019.31177399238,144,0,27,10,1.2819455999997444,6,0,2,0,
b5,n11_uniform_disk_3,uniform_disk,11,11,3195.3111422976162,290.48283111796513,11901.55571148808,127,1,25,4,1.7285885000019334,5,0,7,0,
b5,n11_outer_ring_0,outer_ring,11,11,3958.928737312715,359.90261248297406,15289.643686563575,142,0,32,7,1.6325911000021733,6,0,6,0,
b5,n11_two_clusters_1,two_clusters,11,11,2408.7975747480414,218.9815977043674,8223.987873740209,118,1,22,3,2.7756562000140548,4,0,8,0,
b5,n11_narrow_sector_2,narrow_sector,11,11,2688.5975126707585,244.41795569734168,9217.987563353792,132,0,19,1,0.9248522999987472,2,0,10,0,
b5,n11_coverage_seams_3,coverage_seams,11,11,3607.0407718637293,327.9127974421572,13935.20385931865,128,1,27,7,1.5628466000052867,4,0,6,0,
b5,n12_uniform_disk_0,uniform_disk,12,12,3636.34095587728,303.02841298977336,14101.704779386399,126,1,26,4,1.4209216000017477,4,0,9,0,
b5,n12_outer_ring_1,outer_ring,12,12,3783.3868942997346,315.2822411916446,14576.934471498671,136,0,30,6,1.4851221999997506,7,0,3,0,
b5,n12_two_clusters_2,two_clusters,12,12,2989.098147884844,249.091512323737,11125.490739424225,118,0,24,4,1.9491502000018954,7,0,10,0,
b5,n12_narrow_sector_3,narrow_sector,12,12,2466.6956514537196,205.55797095447664,8953.4782572686,103,0,22,2,3.281711900010123,4,0,15,0,
b5,n12_coverage_seams_0,coverage_seams,12,12,3607.856410710075,300.65470089250624,13779.282053550372,133,0,28,8,1.414022400000249,6,0,5,0,
b5,n13_uniform_disk_1,uniform_disk,13,13,3711.1157559104477,285.47044276234215,14250.578779552234,133,0,27,5,3.2282548999937717,8,0,4,0,
b5,n13_outer_ring_2,outer_ring,13,13,4120.298338068478,316.9460260052675,16121.491690342393,139,1,32,6,1.8781612000020687,9,0,3,0,
b5,n13_two_clusters_3,two_clusters,13,13,2714.1790734974015,208.78300565364628,9205.895367487008,135,0,25,3,2.6666937000118196,5,0,8,0,
b5,n13_narrow_sector_0,narrow_sector,13,13,2898.7244359411943,222.97880276470727,10338.62217970597,128,0,23,0,1.9811696999968262,4,0,14,0,
b5,n13_coverage_seams_1,coverage_seams,13,13,3671.772257913577,282.4440198395059,13813.861289567889,142,0,34,6,2.0482763000036357,10,0,5,0,
b5,n14_uniform_disk_2,uniform_disk,14,14,3948.617821779651,282.0441301271179,15913.089108898259,117,0,31,7,1.9361651000072015,6,0,11,0,
b5,n14_outer_ring_3,outer_ring,14,14,3879.570812181824,277.11220087013027,14967.854060909121,137,0,30,6,2.3669427999993786,11,0,5,0,
b5,n14_two_clusters_0,two_clusters,14,14,3038.376463334258,217.0268902381613,11276.882316671286,119,0,25,3,1.9180463999946369,4,0,10,0,
b5,n14_narrow_sector_1,narrow_sector,14,14,2668.585352572359,190.61323946945421,9642.926762861796,112,0,23,0,1.7733235999912722,2,0,18,0,
b5,n14_coverage_seams_2,coverage_seams,14,14,3506.2813845797673,250.44867032712622,12961.406922898837,142,0,33,8,1.7287037000060081,8,0,3,0,
b5,n15_uniform_disk_3,uniform_disk,15,15,5629.916505722717,375.32776704818116,23759.58252861358,135,0,32,14,3.8341652000090107,8,0,17,0,
b5,n15_outer_ring_0,outer_ring,15,15,5003.768198781005,333.5845465854003,20603.840993905025,136,0,35,9,2.474823299999116,9,0,4,0,
b5,n15_two_clusters_1,two_clusters,15,15,2735.5635623231374,182.37090415487583,10017.817811615687,110,0,29,3,5.124337500004913,7,0,10,0,
b5,n15_narrow_sector_2,narrow_sector,15,15,2749.2202042925123,183.28134695283416,10636.101021462562,92,0,29,0,5.17253840000194,7,0,17,0,
b5,n15_coverage_seams_3,coverage_seams,15,15,3766.6819080667715,251.11212720445144,14723.409540333862,126,0,35,6,2.0681437000021106,10,0,4,0,
b5,n16_uniform_disk_0,uniform_disk,16,16,3931.6804025788233,245.73002516117646,15593.402012894117,123,0,32,10,1.774886700004572,8,0,7,0,
b5,n16_outer_ring_1,outer_ring,16,16,3825.493766531208,239.0933604082005,14747.468832656035,133,2,37,7,2.646679600002244,12,0,14,0,
b5,n16_two_clusters_2,two_clusters,16,16,2598.9961277440048,162.4372579840003,9204.980638720022,114,0,28,2,4.1342272000038065,7,0,10,0,
b5,n16_narrow_sector_3,narrow_sector,16,16,1368.799147185075,85.54994669906719,4313.995735925375,72,0,24,0,7.616418600009638,11,0,17,0,
b5,n16_coverage_seams_0,coverage_seams,16,16,3651.829744240284,228.23935901501775,13844.148721201416,135,0,36,6,2.0238643000047887,10,0,6,0,
b5_global,n10_uniform_disk_2,uniform_disk,10,10,3559.7103355848662,355.9710335584866,13788.551677924333,126,0,26,5,1.2333212999947136,3,0,17,0,
b5_global,n10_outer_ring_3,outer_ring,10,10,3543.106821384156,354.3106821384156,13230.534106920779,142,0,27,6,1.442558900002041,7,0,3,0,
b5_global,n10_two_clusters_0,two_clusters,10,10,2435.956725284711,243.59567252847108,8194.783626423554,125,0,20,2,0.917139600001974,2,0,11,0,
b5_global,n10_narrow_sector_1,narrow_sector,10,10,2573.351523940512,257.3351523940512,9156.757619702561,116,0,21,0,3.1342136999883223,4,0,15,0,
b5_global,n10_coverage_seams_2,coverage_seams,10,10,3308.862354798476,330.88623547984764,12019.31177399238,144,0,27,10,1.3283572000073036,6,0,2,0,
b5_global,n11_uniform_disk_3,uniform_disk,11,11,3966.6659697690648,360.6059972517332,15948.329848845318,121,0,26,4,2.2067102000000887,7,0,17,0,
b5_global,n11_outer_ring_0,outer_ring,11,11,4842.815736941806,440.2559760856187,19704.078684709024,142,0,31,9,2.197614699995029,6,0,17,0,
b5_global,n11_two_clusters_1,two_clusters,11,11,3282.8286516837084,298.4389683348826,12814.143258418539,111,0,22,3,3.654378099992755,5,0,16,0,
b5_global,n11_narrow_sector_2,narrow_sector,11,11,3161.1277603673616,287.3752509424874,11885.638801836803,122,0,22,3,2.5547501999972155,4,0,17,0,
b5_global,n11_coverage_seams_3,coverage_seams,11,11,5246.3500911326,476.9409173756909,22131.750455662997,128,1,28,8,1.6150904000096489,4,0,17,0,
b5_global,n12_uniform_disk_0,uniform_disk,12,12,4980.485183933445,415.04043199445374,21412.42591966722,107,0,28,6,1.4830657999991672,4,0,19,0,
b5_global,n12_outer_ring_1,outer_ring,12,12,3783.3868942997346,315.2822411916446,14576.934471498671,136,0,30,6,1.5623009000119055,7,0,3,0,
