seed,source_count,probes_virtual_time_s,probes_movement_m,probes_real_time_s,probes_audit_time_s,probes_failed_clears,probes_long_moves_over_1km,probes_fallback_s,probes_complete,frozen_advantage_virtual_time_s,frozen_advantage_movement_m,frozen_advantage_real_time_s,frozen_advantage_audit_time_s,frozen_advantage_failed_clears,frozen_advantage_long_moves_over_1km,frozen_advantage_fallback_s,frozen_advantage_complete,frozen_advantage_saved_s,frozen_advantage_overrides,finetuned_advantage_virtual_time_s,finetuned_advantage_movement_m,finetuned_advantage_real_time_s,finetuned_advantage_audit_time_s,finetuned_advantage_failed_clears,finetuned_advantage_long_moves_over_1km,finetuned_advantage_fallback_s,finetuned_advantage_complete,finetuned_advantage_saved_s,finetuned_advantage_overrides
280020000,14,5674.565568,20827.82780316356,60.584767263000685,0.6204334750000271,2,1,0.0,True,5826.18258,21370.91287953627,71.73115287100154,0.6991757550022157,1,1,0.0,True,-151.6170119999997,10,5872.138524,21970.692604899334,101.43885283800046,0.6432640269995318,4,2,0.0,True,-197.57295599999998,12
280020001,11,5443.372962,19501.86478501773,68.50097150199872,0.4117121529998258,1,0,0.0,True,5474.235295,19311.176455599485,66.48468040399894,0.22850770200238912,1,0,0.0,True,-30.862333000000035,5,5586.604107,19893.020512333875,71.31636882700332,0.6623286899994127,2,0,0.0,True,-143.23114499999974,5
280020002,11,5622.562848,20552.814209649394,66.15963226999884,0.2475842800013197,0,0,0.0,True,5779.247259,21061.236285252646,82.18477792799968,0.40399290200002724,0,1,0.0,True,-156.68441100000018,5,5834.235399,21301.17698373675,64.86568857800012,0.17955383300068206,0,1,0.0,True,-211.67255100000057,6
280020003,16,5216.185626,20130.92811447935,51.82379775499794,1.586571420000837,1,0,0.0,True,5190.278299,19956.391462693224,93.6437734329993,0.44577138000022387,2,0,0.0,True,25.907327000000805,5,5229.07386,20170.369280758732,70.7315894170024,0.4522218729980523,1,1,0.0,True,-12.888234000000011,8
280020004,16,4874.192511,19555.962555039005,45.95813012299914,0.8138907100001234,1,1,0.0,True,4107.072271,16450.361360471878,129.35464394599694,1.0546398590013268,0,1,0.0,True,767.1202400000002,7,4107.072271,16450.361360471878,132.38220576599997,0.7340930179998395,0,1,0.0,True,767.1202400000002,7
280020005,11,5560.253073,20236.26534434164,39.86671306000062,0.5417452990004676,1,0,0.0,True,5954.591524,21777.9576080755,63.381812948002334,0.3197772659987095,1,2,0.0,True,-394.33845100000053,9,5534.336799,19956.683975690925,65.13141143599933,0.38943383500009077,1,0,0.0,True,25.916274000000158,4
280020006,12,6063.011521,21925.05757996043,65.27479238100204,0.49330286500116927,0,0,0.0,True,5773.150675,21615.753357971946,89.46556202400097,0.4650532599989674,2,0,0.0,True,289.8608460000005,5,5892.041374,21700.206854885895,101.1109274829978,1.560295163999399,0,0,0.0,True,170.970147,2
280020007,10,5883.338031,20611.690147024692,70.21820878400104,1.5416993590006314,1,2,0.0,True,6126.140198,21735.70099007225,83.45197484200253,0.6531624950002879,1,1,0.0,True,-242.80216699999983,9,6112.750074,21663.750370839887,136.0113630300002,1.1847322859975975,1,1,0.0,True,-229.41204299999936,10
280020008,10,5616.795368,19673.976806057897,48.11780104100035,1.9831964770019113,2,1,0.0,True,5612.835475,19654.17734801108,113.31903869700182,0.45075425100003486,2,1,0.0,True,3.959893000000193,1,5685.223932,19841.11962487071,90.55817918899993,1.245211202000064,5,1,0.0,True,-68.42856399999982,2
280020009,15,5796.45637,22382.28184179744,78.17148967399771,0.5661665510015155,1,1,0.0,True,5796.669898,22383.349471738537,137.05294743700142,0.4591556609993859,1,1,0.0,True,-0.21352800000022398,1,5796.669898,22383.349471738537,128.60117293400253,0.8114196110000194,1,1,0.0,True,-0.21352800000022398,1
280020010,10,5619.34798,19101.73986429803,67.46415678199992,4.928560524000204,1,0,0.0,True,5633.000687,19100.003406353517,80.84311154399984,0.7542529419988568,1,0,0.0,True,-13.652707000000191,3,5364.325286,18546.626390308204,104.30917569799931,0.4023118320001231,1,0,0.0,True,255.02269399999932,3
280020011,13,5389.995588,20199.977920713685,81.07835907900153,0.6694425579989911,2,0,0.0,True,5401.214258,20111.07128392467,114.26592741100103,0.4921312629994645,2,0,0.0,True,-11.218670000000202,4,5397.449318,20092.246576849113,128.80312922699886,0.2862692269991385,2,0,0.0,True,-7.453730000000178,3
280020012,10,5508.527675,19187.638360435063,54.82873254500009,0.48256218999813427,0,0,0.0,True,5456.762754,19163.813744646483,79.9763197659995,0.5644245679977757,0,0,0.0,True,51.76492099999996,5,5532.837502,19429.187486912564,100.98368722400119,1.7301945079998404,0,0,0.0,True,-24.30982700000004,5
280020013,14,5724.528363,21702.64179785725,68.86497351800062,3.869292252999003,2,0,0.0,True,5668.047897,21635.239466457213,155.44534633400326,0.6742008569999598,2,1,0.0,True,56.48046599999998,5,5727.785036,21308.925149150462,115.88061097500395,2.159735738998279,1,0,0.0,True,-3.2566729999998643,7
280020014,10,6006.984177,21774.920866119588,54.80139444499946,0.4884493119971012,4,0,0.0,True,5929.266501,21446.332477790056,66.96405658000003,0.37855421700078296,2,1,0.0,True,77.71767600000021,5,6174.294361,22361.471775312566,77.7004903599991,0.49363713600178016,4,1,0.0,True,-167.31018399999994,8
280020015,11,5454.077428,19365.387127415102,102.01054872400346,0.9940739719968406,2,0,0.0,True,5441.323431,19311.6171397087,130.19177849600237,0.31495297200308414,1,0,0.0,True,12.7539969999998,4,5447.432789,19307.1639334648,118.6534575049991,0.39476131399715086,1,0,0.0,True,6.644638999999188,5
280020016,10,5654.096959,19340.484768333237,66.0255595650051,2.066707719997794,1,0,0.0,True,5997.828675,21169.14335734526,48.45301133900284,0.3155275370008894,1,1,0.0,True,-343.7317159999993,3,5997.828675,21169.14335734526,47.62400919099673,0.25032513499900233,1,1,0.0,True,-343.7317159999993,3
280020017,14,5778.412745,21432.063713129115,40.18543446499825,0.4007414469961077,3,0,0.0,True,5922.864039,22099.320176441262,73.73580795499947,0.3607609980026609,2,1,0.0,True,-144.45129400000042,12,5957.989071,22244.945338159374,110.75481387600303,0.4395304110003053,4,1,0.0,True,-179.57632600000034,9
280020018,16,4896.120388,18960.601926900767,73.89596724699732,0.7192891929953475,0,1,0.0,True,5322.110809,20930.554009131505,70.7642804520001,0.369001910003135,1,1,0.0,True,-425.9904209999995,3,4429.861867,17114.30932689915,110.35518636300185,0.3109894640001585,0,0,0.0,True,466.25852100000066,9
280020019,11,5873.217764,20381.088807942902,32.206901416997425,0.6479206369986059,0,1,0.0,True,6332.362248,22426.811231850526,50.06903192499885,0.7818988459985121,0,1,0.0,True,-459.1444840000004,6,6423.17823,22965.891122782577,51.12242914400122,0.5099964589971933,1,2,0.0,True,-549.9604660000005,6
280020020,11,5918.364723,21426.82359483407,36.55392117700103,0.6509324120052042,1,2,0.0,True,5972.960483,21454.80240817666,55.274300871999,0.37328885000169976,1,2,0.0,True,-54.595760000000155,6,6010.525231,21572.626145908256,84.42371474699758,0.10792434999893885,2,2,0.0,True,-92.16050799999994,8
280020021,16,5549.927231,21919.636126606278,62.26534510900092,0.9051903650033637,3,1,0.0,True,4598.217733,19021.08865449332,60.376778443998774,1.0177071220023208,0,1,0.0,True,951.7094979999993,8,4630.704809,19163.524045263795,74.67160369700287,0.05214309299481101,1,1,0.0,True,919.2224219999998,8
280020022,16,5146.123002,19525.615006583586,42.73339640299673,1.025079511993681,0,0,0.0,True,5340.386279,19771.93139537924,49.345065098001214,0.2533258159965044,0,1,0.0,True,-194.26327700000002,8,5116.942487,19414.712443852175,54.50693814899569,0.26299117699818453,0,0,0.0,True,29.180515000000014,9
280020023,10,6093.914768,21579.57381122793,43.617040780001844,0.13164343199605355,3,1,0.0,True,5908.706271,20778.531350676592,46.85089620100189,0.1681630849998328,2,1,0.0,True,185.20849699999962,8,6157.964824,21849.824107837558,47.504325656998844,0.18088214300223626,4,2,0.0,True,-64.05005600000004,2
280020024,11,5813.830518,21114.152563636657,41.810258286001044,0.18441833600081736,1,0,0.0,True,5879.883179,21414.415861168804,47.44700876600109,0.19783038400055375,1,0,0.0,True,-66.05266100000063,5,5778.704349,20933.521721566976,49.00030943300226,0.23090149500058033,1,0,0.0,True,35.12616900000012,6
280020025,16,5137.977637,20079.88816592718,44.73678902199754,0.12561894900136394,0,0,0.0,True,5128.680705,20073.403504296635,56.368783768004505,0.37069579099625116,2,0,0.0,True,9.296932000000197,5,5069.885934,19789.429665920718,57.48374272899673,0.18637857700377936,2,0,0.0,True,68.09170300000005,6
280020026,13,5377.31333,20321.566627792196,34.581580013997154,0.17760213700239547,2,0,0.0,True,5412.930971,20184.654837013124,47.84485749099986,0.1962111829998321,2,0,0.0,True,-35.61764099999982,4,5412.930971,20184.654837013124,47.46390117300325,0.24158832000102848,2,0,0.0,True,-35.61764099999982,4
280020027,10,6304.125781,21215.628881824472,31.64309862099617,0.20653404699987732,1,0,0.0,True,5789.827549,19979.137730364782,36.37981278799998,1.2263036880030995,0,0,0.0,True,514.2982320000001,5,5796.910766,19979.553817546075,21.443579626000428,0.3212434109955211,0,0,0.0,True,507.21501499999977,6
280020028,12,6232.28341,22011.417061163887,14.739207584003452,0.31656937999650836,2,2,0.0,True,6232.28341,22011.417061163887,29.240758904001268,0.4562798240003758,2,2,0.0,True,0.0,0,5565.678152,20223.390747628633,35.95667099000275,0.1622021709990804,1,0,0.0,True,666.6052579999996,3
280020029,16,6464.019647,24300.09821828178,25.34175307800615,0.3556863539997721,2,1,0.0,True,6270.412116,23942.060561581708,37.081360599004256,0.28127679899625946,2,0,0.0,True,193.60753099999965,7,6390.265828,23926.329132511593,38.332286377000855,0.29340956400119467,2,1,0.0,True,73.75381900000048,5
280020030,16,4294.064043,17580.32020983972,25.256060599000193,0.21143123700312572,2,1,0.0,True,4327.317621,17806.588091152877,35.390191402999335,0.13521324399334844,1,2,0.0,True,-33.253577999999834,6,4320.694819,17798.474081872366,35.30609689300036,0.11404613199556479,1,2,0.0,True,-26.63077599999997,5
280020031,11,6093.114955,21640.574780435967,21.527216441994824,0.35325836899573915,1,1,0.0,True,6021.571827,21282.859121434903,29.137073181998858,0.2445127760001924,0,1,0.0,True,71.54312800000025,4,6023.571857,21292.85927240916,30.25993830600055,0.3795139249996282,0,1,0.0,True,69.5430980000001,5
