x,y,J,p_near,p_direction,p_no_signal,normalization_error,level,spacing_m,effective_angle_fallbacks,direction_mass_correction
900.0,450.0,45.585104774269304,0.0,1.0,0.0,0.0,2,150.0,1,0.0
900.0,600.0,45.88688279950624,0.0,1.0,0.0,0.0,1,300.0,1,0.0
900.0,-600.0,45.95364567444781,0.0,1.0,0.0,0.0,1,300.0,1,0.0
750.0,-600.0,46.029226322760955,0.0,1.0,0.0,0.0,2,150.0,1,0.0
900.0,-450.0,46.08276334880028,0.0,1.0,0.0,0.0,2,150.0,1,0.0
750.0,-450.0,46.28266963300216,0.0,0.9999999999999999,0.0,1.1102230246251565e-16,2,150.0,0,0.0
750.0,450.0,46.4305825977413,0.0,1.0000000000000002,0.0,2.220446049250313e-16,2,150.0,0,0.0
750.0,600.0,46.53960451155956,0.0,1.0,0.0,0.0,2,150.0,1,0.0
900.0,-750.0,47.46554347547712,0.0,1.0000000000000002,0.0,2.220446049250313e-16,2,150.0,1,0.0
750.0,-750.0,47.53563548569615,0.0,1.0,0.0,0.0,2,150.0,1,0.0
900.0,750.0,47.68915351458608,0.0,1.0,0.0,0.0,2,150.0,1,0.0
750.0,750.0,48.32947552065181,0.0,1.0,0.0,0.0,2,150.0,0,0.0
900.0,300.0,48.62825406727416,0.0,0.9999999999999999,0.0,1.1102230246251565e-16,1,300.0,1,0.0
1050.0,600.0,49.52107853453787,0.0,0.9999346459617174,6.535403828254663e-05,0.0,2,150.0,0,-6.534928858825673e-05
750.0,300.0,49.95313237510299,0.0,1.0,0.0,0.0,2,150.0,1,0.0
750.0,-900.0,50.05823005898324,0.0,0.9999999999999999,0.0,1.1102230246251565e-16,2,150.0,0,0.0
900.0,-900.0,50.19806610126759,0.0,0.9924633366016842,0.007536663398315993,2.220446049250313e-16,1,300.0,1,-0.0009211793131885804
600.0,-600.0,50.302139205890086,0.0,1.0,0.0,0.0,0,600,0,0.0
1050.0,-600.0,50.41908828501125,0.0,0.999937932534676,6.206746532390143e-05,1.1102230246251565e-16,2,150.0,0,-6.206271562958499e-05
900.0,-300.0,50.43421484818934,0.0,1.0000000000000002,0.0,2.220446049250313e-16,1,300.0,1,0.0
1050.0,450.0,50.51453303562973,0.0,1.0,0.0,0.0,2,150.0,1,0.0
900.0,900.0,50.62279783304388,0.0,0.9918398613288657,0.008160138671134238,1.1102230246251565e-16,1,300.0,2,-0.0015446545860068328
1050.0,750.0,50.847439013650316,0.0,0.9908446235601525,0.009155376439847708,2.220446049250313e-16,2,150.0,1,-0.0016718826001783649
750.0,900.0,50.944146825012595,0.0,1.0,0.0,0.0,2,150.0,0,0.0
600.0,-750.0,51.00094074946828,0.0,1.0,0.0,0.0,2,150.0,2,0.0
750.0,-300.0,51.00816456598011,0.0,1.0,0.0,0.0,2,150.0,1,0.0
600.0,600.0,51.16628863127355,0.0,1.0,0.0,0.0,0,600,0,0.0
1050.0,-750.0,51.29432898710484,0.0,0.9913467752428387,0.00865322475716146,0.0,2,150.0,0,-0.0011697309174920623
600.0,750.0,52.04229720312502,0.0,1.0,0.0,0.0,2,150.0,1,0.0
600.0,-450.0,52.12455634854719,0.0,1.0,0.0,0.0,2,150.0,0,0.0
1050.0,-450.0,52.18984163095415,0.0,1.0,0.0,0.0,2,150.0,0,0.0
600.0,450.0,52.58205050662944,0.0,1.0,0.0,0.0,2,150.0,0,0.0
600.0,-900.0,52.89699434636104,0.0,0.9999999999999998,0.0,2.220446049250313e-16,1,300.0,1,0.0
600.0,900.0,54.18741579738546,0.0,1.0,0.0,0.0,1,300.0,1,0.0
750.0,-1050.0,55.03982914746315,0.0,0.9813220731324337,0.018677926867566086,2.220446049250313e-16,2,150.0,0,0.0021559750774385877
1050.0,300.0,56.04775028827349,0.0,0.9999999999999998,0.0,2.220446049250313e-16,2,150.0,0,0.0
1200.0,600.0,58.84473347861315,0.0,0.9816815203683125,0.018318479631687437,1.1102230246251565e-16,0,600,0,0.0025154223133172504
600.0,300.0,59.2323625972447,0.0,1.0,0.0,0.0,1,300.0,2,0.0
1050.0,-300.0,59.84426405768676,0.0,1.0,0.0,0.0,2,150.0,0,0.0
600.0,-1050.0,59.84853601428903,0.0,0.995726092792891,0.004273907207109176,2.220446049250313e-16,2,150.0,0,0.0009364413235107838
600.0,-300.0,60.194265010106406,0.0,1.0000000000000002,0.0,2.220446049250313e-16,1,300.0,1,0.0
1200.0,-600.0,60.744123281164775,0.0,0.9824099536369973,0.017590046363002758,0.0,0,600,1,0.0009778724692680596
1050.0,-900.0,60.79450615868086,0.0,0.9561047889348229,0.043895211065177145,0.0,2,150.0,0,-0.0022274119248621993
1200.0,450.0,61.168563506577875,0.0,0.9946091226702305,0.005390877329769533,0.0,2,150.0,0,0.00010848637367977254
1050.0,900.0,61.782899463301106,0.0,0.9524806097376031,0.04751939026239675,2.220446049250313e-16,2,150.0,2,-0.00023711807950610453
900.0,150.0,64.34382723389264,0.0,1.0,0.0,0.0,2,150.0,1,0.0
1200.0,-450.0,64.62421463190627,0.0,0.9947603408479835,0.0052396591520165155,0.0,2,150.0,1,0.00025970455143276006
1200.0,750.0,66.21202480217363,0.0,0.9504633272991749,0.04953667270082502,0.0,2,150.0,0,0.0020226203792094166
1200.0,-750.0,66.62365543061375,0.0,0.9531631097041702,0.04683689029582988,0.0,2,150.0,0,0.00047748319063012357
300.0,-900.0,66.81093184779576,0.0,0.8641508036190695,0.13584919638093074,2.220446049250313e-16,1,300.0,1,-0.0004211587926483684
750.0,150.0,67.20263842979017,0.0,1.0,0.0,0.0,2,150.0,0,0.0
300.0,-600.0,69.42473652921522,0.0,1.0,0.0,0.0,1,300.0,1,0.0
900.0,-1050.0,69.74105977807751,0.0,0.933422374684718,0.06657762531528212,2.220446049250313e-16,2,150.0,0,-0.000728174571493323
300.0,600.0,70.99240263841216,0.0,1.0,0.0,0.0,1,300.0,2,0.0
1200.0,300.0,72.25391826126827,0.0,0.9989990258437687,0.0010009741562314208,0.0,1,300.0,0,-0.0010009694065371555
300.0,900.0,77.82543318813046,0.0,0.7983957430843371,0.20160425691566272,1.1102230246251565e-16,1,300.0,2,0.001515867803565385
1050.0,150.0,78.43328138636805,0.0,1.0,0.0,0.0,2,150.0,0,0.0
1200.0,-300.0,79.85444804296138,0.0,0.9990174029634158,0.0009825970365842608,0.0,1,300.0,0,-0.000982592286889905
600.0,150.0,85.03651520539665,0.0,1.0,0.0,0.0,2,150.0,0,0.0
1200.0,-900.0,95.0145923731024,0.0,0.8896436024859481,0.11035639751405182,1.1102230246251565e-16,1,300.0,1,0.000599824848093844
300.0,300.0,97.61185543954707,0.0,1.0,0.0,0.0,1,300.0,0,0.0
300.0,-300.0,98.33716076062834,0.0,0.9999999999999999,0.0,1.1102230246251565e-16,1,300.0,0,0.0
1200.0,900.0,99.23734568121802,0.0,0.8805309179913738,0.11946908200862602,1.1102230246251565e-16,1,300.0,1,0.00020736192269432685
0.0,-600.0,100.89296830236759,0.0,0.7653080857403897,0.23469191425961017,2.220446049250313e-16,0,600,0,-0.0003202424568455875
0.0,600.0,108.68831535714418,0.0,0.7350727903226675,0.2649272096773325,0.0,0,600,0,-0.00015225325731493822
1200.0,150.0,110.48333496179157,0.0,0.9999554603639805,4.45396360195694e-05,0.0,2,150.0,0,-4.453488632527591e-05
1050.0,-1050.0,112.83660385967465,0.0,0.8560391654174813,0.14396083458251863,1.1102230246251565e-16,2,150.0,2,-0.0007654955665445939
1500.0,300.0,133.2263089839583,0.0,0.9198516844458866,0.08014831555411356,2.220446049250313e-16,1,300.0,0,0.003187277976821945
1500.0,600.0,135.9671126793658,0.0,0.8494248465968665,0.15057515340313357,0.0,1,300.0,0,-0.0005991277489905134
1500.0,-600.0,136.50550831244774,0.0,0.855381060641034,0.14461893935896605,0.0,1,300.0,1,0.0012183457579002521
0.0,300.0,141.1661703569409,0.0,0.9290982574647533,0.0709017425352467,0.0,1,300.0,1,-0.0006222484158928676
0.0,-300.0,142.25670087964224,0.0,0.9459970033850632,0.05400299661493656,2.220446049250313e-16,1,300.0,1,0.0006610974386830337
1500.0,-300.0,150.1214735128383,0.0,0.9212853328076268,0.0787146671923733,0.0,1,300.0,0,0.004620926338562148
1200.0,-1050.0,197.06464362254937,0.0,0.7491488900463967,0.2508511099536034,0.0,2,150.0,0,-0.0009164780147922214
0.0,-900.0,247.85466013212917,0.0,0.45525117056499576,0.5447488294350042,0.0,1,300.0,1,0.00044356968034386934
0.0,900.0,277.66010255214627,0.0,0.4206058686977954,0.5793941313022045,0.0,1,300.0,1,-0.00033855958479095394
1500.0,-900.0,280.8913706841538,0.0,0.6663763899991868,0.33362361000081314,0.0,1,300.0,0,0.0004928187417297947
1500.0,900.0,307.80395356354006,0.0,0.6387994647663939,0.36120053523360607,0.0,1,300.0,2,0.0007494258781663987
750.0,0.0,403.48365363428314,0.0015621766478048009,0.9984378233521951,0.0,1.1102230246251565e-16,2,150.0,0,0.00018569916873933945
900.0,0.0,409.35236350104105,0.001562176647804786,0.9984378233521952,0.0,0.0,1,300.0,0,0.00019004869336558539
600.0,0.0,477.0095581183599,0.0015621766478048156,0.9984378233521953,0.0,2.220446049250313e-16,0,600,0,-0.0015621766478047805
1050.0,0.0,511.9881650392207,0.0015621766478047636,0.9984378233521952,0.0,0.0,2,150.0,0,0.00017991264209038516
1800.0,0.0,564.4630810761944,0.0,0.7498372233826712,0.25016277661732883,0.0,0,600,0,-0.0001560055239111513
-600.0,0.0,589.8831513590349,0.0,0.25003078915669985,0.7499692108433001,0.0,0,600,0,2.401806328211631e-05
900.0,-1200.0,656.8177807337277,0.0,0.46990056553406007,0.5300994344659401,2.220446049250313e-16,1,300.0,1,0.0005562729022684509
-600.0,-600.0,667.4660567482622,0.0,0.136729633724387,0.863270366275613,0.0,0,600,0,0.0015093651315144785
-600.0,600.0,678.8195198325608,0.0,0.13132653288457952,0.8686734671154204,1.1102230246251565e-16,0,600,0,-0.0015224801035839952
1050.0,-1200.0,681.3407336068451,0.0,0.44964977466863854,0.5503502253313615,0.0,2,150.0,1,-0.0016857010272489648
1500.0,0.0,713.4801435114327,0.0,0.9374735133404075,0.06252648665959233,1.1102230246251565e-16,1,300.0,0,-2.479032396718317e-05
1200.0,0.0,723.6690898446908,0.0007776008491484583,0.9992223991508514,0.0,1.1102230246251565e-16,0,600,0,9.472188745296428e-05
750.0,-1200.0,780.5973774481962,0.0,0.36111392325659775,0.6388860767434024,0.0,2,150.0,0,-0.0005439318961579231
300.0,0.0,803.4253512299891,0.001562176647804843,0.9984378233521952,0.0,0.0,1,300.0,0,-0.0015621766478048915
1200.0,-1200.0,864.3829843050478,0.0,0.2894967897416497,0.7105032102583503,0.0,0,600,0,-0.0011675337429957189
600.0,-1200.0,894.8346333782572,0.0,0.26113444863532576,0.7388655513646742,0.0,0,600,0,0.0001633961150773744
300.0,-1200.0,1083.1799618642365,0.0,0.09704155544020324,0.9029584445597968,0.0,1,300.0,0,0.002474723475293192
0.0,-1200.0,1193.220502400936,0.0,0.001544603974570939,0.9984553960254291,0.0,0,600,0,-0.0012056449635210933
-1800.0,0.0,1195.0034391678253,0.0,0.0,1.0,0.0,0,600,0,0.0
-1200.0,-1200.0,1195.0034391678253,0.0,0.0,1.0,0.0,0,600,0,0.0
-1200.0,-600.0,1195.0034391678253,0.0,0.0,1.0,0.0,0,600,0,0.0
-1200.0,0.0,1195.0034391678253,0.0,0.0,1.0,0.0,0,600,0,0.0
-1200.0,600.0,1195.0034391678253,0.0,0.0,1.0,0.0,0,600,0,0.0
-1200.0,1200.0,1195.0034391678253,0.0,0.0,1.0,0.0,0,600,0,0.0
-600.0,-1200.0,1195.0034391678253,0.0,0.0,1.0,0.0,0,600,0,0.0
-600.0,1200.0,1195.0034391678253,0.0,0.0,1.0,0.0,0,600,0,0.0
0.0,-1800.0,1195.0034391678253,0.0,0.0,1.0,0.0,0,600,0,0.0
0.0,0.0,1195.0034391678253,0.0,1.0,0.0,0.0,0,600,0,0
0.0,1200.0,1195.0034391678253,0.0,0.0,1.0,0.0,0,600,0,0.0
0.0,1800.0,1195.0034391678253,0.0,0.0,1.0,0.0,0,600,0,0.0
600.0,1200.0,1195.0034391678253,0.0,0.0,1.0,0.0,0,600,0,0.0
1200.0,1200.0,1195.0034391678253,0.0,0.0,1.0,0.0,0,600,0,0.0
300.0,1200.0,1195.0034391678253,0.0,0.0,1.0,0.0,1,300.0,0,0.0
900.0,1200.0,1195.0034391678253,0.0,0.0,1.0,0.0,1,300.0,0,0.0
