x,y,area_m2,posterior_mass
82.12847677017822,-2.6070867012688455,87.26445529069946,0.0034723161992183792
80.76091701457733,-2.088684516672268,87.26445529069952,0.003472316199218382
78.71002936418431,-1.5702116378652837,87.26445529069957,0.003472316199218384
75.3163349695015,-1.0516856132284609,87.26445529069952,0.003472316199218382
151.60856773555793,-1.5120904255729153,87.26445529069952,0.003472316199218382
131.20529021836518,-0.5185801568251482,87.26445529069949,0.0034723161992183805
207.48690138481234,-6.5864650430755916,87.26445529069943,0.0034723161992183784
207.6460803921879,-5.370260382067775,87.26445529069949,0.0034723161992183805
229.63238640732564,-4.988323660439855,87.2644552906995,0.003472316199218381
227.03730677136025,-3.6499404848148167,87.26445529069947,0.00347231619921838
209.12886512062636,-1.7207205042821,87.2644552906995,0.003472316199218381
209.13533669272306,-0.5040358284376932,87.2644552906995,0.003472316199218381
287.38011023160504,-9.598881927200198,87.26445529069942,0.0034723161992183775
286.16813327727857,-7.926122966418728,87.26445529069943,0.0034723161992183784
272.4624506800482,-5.4686242332719495,87.26445529069947,0.00347231619921838
272.4896547459066,-3.8834183445863477,87.26445529069947,0.00347231619921838
272.50763604938396,-2.2980810166185757,87.26445529069952,0.003472316199218382
272.51639398188,-0.7126659071468849,87.26445529069949,0.0034723161992183805
323.0764793897414,-10.273708150371666,87.26445529069942,0.0034723161992183775
323.1307815945596,-8.393962122740447,87.26445529069943,0.0034723161992183784
323.1741470230096,-6.513931990679042,87.26445529069952,0.003472316199218382
323.20657420733255,-4.63368138622219,87.2644552906994,0.003472316199218377
323.2280620499889,-2.7532739488668048,87.26445529069949,0.0034723161992183805
323.238609823695,-0.8727733234180067,87.2644552906995,0.003472316199218381
366.69779055632864,-11.677999320869002,87.26445529069949,0.0034723161992183805
366.75952434026675,-9.544452458498743,87.26445529069954,0.0034723161992183827
366.8088446769967,-7.4105825518750645,87.26445529069952,0.003472316199218382
366.84574989720835,-5.2764618245659385,87.26445529069949,0.0034723161992183805
366.87023875179716,-3.142162508628683,87.26445529069954,0.0034723161992183827
366.88231041190625,-1.0077568421651786,87.2644552906995,0.003472316199218381
405.60082461150944,-12.928938425261029,87.26445529069949,0.0034723161992183805
405.6691776615189,-10.569042992043137,87.2644552906995,0.003472316199218381
405.7238003171236,-8.20878983598912,87.26445529069952,0.003472316199218382
405.7646907295496,-5.848258842898816,87.26445529069952,0.003472316199218382
405.7918475148085,-3.487529907975819,87.26445529069957,0.003472316199218384
405.80526975374386,-1.1266829331233135,87.26445529069954,0.0034723161992183827
441.0591872388718,-14.068236151815867,87.26445529069942,0.0034723161992183775
441.1335683500728,-11.502034210046531,87.26445529069943,0.0034723161992183784
441.1930187290118,-8.93544296715486,87.26445529069954,0.0034723161992183827
441.2375363635143,-6.368549292718283,87.26445529069956,0.003472316199218383
441.26711974682394,-3.801440066550419,87.26445529069949,0.0034723161992183805
441.28176787765295,-1.2342021757605084,87.26445529069944,0.003472316199218379
473.85682331589015,-15.121467054228653,87.26445529069936,0.0034723161992183753
473.9367768024752,-12.364439452707982,87.26445529069943,0.0034723161992183784
474.00068929007205,-9.606993360851767,87.26445529069937,0.0034723161992183758
474.0485586154805,-6.849222107964962,87.26445529069935,0.003472316199218375
474.0803831585017,-4.091219034358005,87.26445529069946,0.0034723161992183792
474.09616184199314,-1.333077488187612,87.26445529069942,0.0034723161992183775
504.51786082097374,-16.105682768328286,87.26445529069946,0.0034723161992183792
504.6030213290794,-13.170260831515112,87.26445529069956,0.003472316199218383
504.67110289975966,-10.234393130306739,87.2644552906996,0.003472316199218385
504.7221032287064,-7.298179032916675,87.26445529069963,0.003472316199218386
504.756020589748,-4.361717919282647,87.26445529069969,0.0034723161992183883
504.7728538349077,-1.425109177702962,87.2644552906996,0.003472316199218385
533.4135714804671,-17.032937281512254,87.2644552906993,0.003472316199218373
533.5036375000061,-13.929392170710482,87.26445529069954,0.0034723161992183827
533.5756464036422,-10.825375601738227,87.26445529069942,0.0034723161992183775
533.6295957541417,-7.720992634023408,87.2644552906994,0.003472316199218377
533.6654837255195,-4.616348339395187,87.2644552906994,0.003472316199218377
533.683309103101,-1.5115477985276655,87.26445529069947,0.00347231619921838
560.818481200245,-17.9121294191432,87.26445529069966,0.0034723161992183875
560.9131983462644,-14.649135027090285,87.26445529069957,0.003472316199218384
560.9889306645863,-11.385644816245396,87.2644552906996,0.003472316199218385
561.045675591953,-8.121769243626709,87.26445529069954,0.0034723161992183827
561.0834312077595,-4.857618779295464,87.26445529069946,0.0034723161992183792
561.1021962341188,-1.5933039026169655,87.26445529069954,0.0034723161992183827
586.9424361497529,-18.750052783579836,87.26445529069954,0.0034723161992183827
587.0415860093967,-15.335062059404432,87.26445529069956,0.003472316199218383
587.1208666925004,-11.91955230035556,87.2644552906994,0.003472316199218377
587.1802755157073,-8.503639108748281,87.26445529069933,0.0034723161992183745
587.2198104682493,-5.087438100552341,87.2644552906994,0.003472316199218377
587.2394702120155,-1.6710649014790158,87.26445529069932,0.0034723161992183736
611.9501527048938,-19.552034419712477,87.26445529069905,0.0034723161992183628
612.0535450691036,-15.991541946768114,87.2644552906992,0.0034723161992183693
612.1362216948905,-12.430508219545246,87.26445529069943,0.0034723161992183784
612.1981797839583,-8.869053765804553,87.2644552906994,0.003472316199218377
612.2394172392554,-5.307299127546755,87.26445529069944,0.003472316199218379
612.2599326650475,-1.7453648569326963,87.26445529069944,0.003472316199218379
635.9737579493536,-20.322343731598686,87.26445529070008,0.0034723161992184044
636.0812252113112,-16.622075341109575,87.26445529070003,0.003472316199218402
636.1671634871477,-12.921244355129293,87.26445529069983,0.003472316199218394
636.2315698681718,-9.219976033036325,87.2644552906998,0.003472316199218393
636.2744421744671,-5.51839564901135,87.26445529070001,0.0034723161992184014
636.2957789549649,-1.8166284877971917,87.2644552907,0.003472316199218401
659.121171219469,-21.064465362430212,87.26445529069905,0.0034723161992183628
659.2325642187398,-17.229518980942622,87.2644552906991,0.0034723161992183654
659.3216446450826,-13.393989444253602,87.26445529069917,0.003472316199218368
659.3884094834564,-9.558006570787107,87.26445529069912,0.003472316199218366
659.4328564741189,-5.721700194310854,87.26445529069903,0.0034723161992183623
659.454984112705,-1.8852001595419339,87.26445529069905,0.0034723161992183628
681.4818994278965,-21.781287627570165,87.2644552906996,0.003472316199218385
681.5970842927508,-17.816240405578746,87.26445529069956,0.003472316199218383
681.6891996287678,-13.850590170045631,87.26445529069957,0.003472316199218384
681.7582423181857,-9.88447114349697,87.26445529069974,0.0034723161992183905
681.8042100241659,-5.918017564325736,87.26445529069973,0.00347231619921839
681.8271011908724,-1.951363682248276,87.26445529069954,0.0034723161992183827
703.1311602806031,-22.47523642944259,87.26445529069943,0.0034723161992183784
703.2500159796397,-18.38422787998165,87.26445529069963,0.003472316199218386
703.3450692785525,-14.292597092713356,87.26445529069949,0.0034723161992183805
703.4163169601409,-10.200482554137452,87.2644552906993,0.003472316199218373
703.4637566129351,-6.108022767126865,87.26445529069962,0.0034723161992183857
703.4873866312794,-2.015356246239898,87.26445529069977,0.003472316199218392
724.1328882473315,-23.14837279148527,87.26445529069929,0.0034723161992183727
724.2553046576577,-18.93517043914083,87.26445529069935,0.003472316199218375
724.3532077168834,-14.721327201630432,87.26445529069923,0.00347231619921837
724.4265941113538,-10.506985701891178,87.26445529069929,0.0034723161992183727
724.475461357212,-6.2922885797245,87.26445529069917,0.003472316199218368
724.4998078004837,-2.0773784869683216,87.26445529069915,0.003472316199218367
744.5419726905961,-23.802465416516483,87.26445529069927,0.003472316199218372
744.6678490502567,-19.470517424377206,87.26445529069939,0.0034723161992183766
744.7685211700316,-15.137910427565593,87.26445529069935,0.003472316199218375
744.8439856425438,-10.80479106873074,87.26445529069974,0.0034723161992183905
744.894239913601,-6.4713060078632845,87.2644552906999,0.003472316199218397
744.9192822822831,-2.1376019173315246,87.26445529069969,0.0034723161992183883
764.4059552385415,-24.43904567301847,87.26445529069989,0.003472316199218396
764.5351988901178,-19.991523593836725,87.26445529069994,0.0034723161992183988
764.6385658658335,-15.543324875859604,87.26445529069973,0.00347231619921839
764.7160526671001,-11.094600074086474,87.26445529069974,0.0034723161992183905
764.7676566712778,-6.645499761322694,87.26445529069977,0.003472316199218392
764.7933761317622,-2.196174523083271,87.26445529069977,0.003472316199218392
783.7663380956765,-25.059449949576397,87.26445529069886,0.003472316199218356
783.8988634541522,-20.499283864812185,87.26445529069898,0.00347231619921836
784.004856748667,-15.938423955454,87.26445529069926,0.0034723161992183714
784.0843143917418,-11.377024589663954,87.26445529069896,0.0034723161992183597
784.1372336940306,-6.815240153862746,87.2644552906988,0.003472316199218353
784.1636128644117,-2.253225047504277,87.26445529069899,0.0034723161992183606
802.6596070944313,-25.664852754796435,87.26445529069986,0.0034723161992183953
802.7953347903103,-20.99476046126204,87.26445529069979,0.0034723161992183922
802.9038908468834,-16.32395757309182,87.26445529069974,0.0034723161992183905
802.9852715899314,-11.652602179609227,87.26445529069986,0.0034723161992183953
803.0394742650185,-6.98085238883796,87.2644552907,0.003472316199218401
803.0664970375857,-2.308866322150607,87.2644552906999,0.003472316199218397
821.1180420499427,-26.256292921562405,87.26445529069903,0.0034723161992183623
821.256898211104,-21.478804403197138,87.26445529069929,0.0034723161992183727
821.3679578776312,-16.700588907107075,87.26445529069932,0.0034723161992183736
821.4512172905675,-11.921808158133349,87.26445529069902,0.003472316199218362
821.5066736318907,-7.142623900248809,87.26445529069903,0.0034723161992183623
821.5343250246102,-2.3631978910835825,87.26445529069909,0.0034723161992183645
839.170366115872,-26.834694594926468,87.26445529069974,0.0034723161992183905
839.3122817605358,-21.95217271643854,87.26445529069949,0.0034723161992183805
839.4257898029173,-17.068907838467204,87.26445529069943,0.0034723161992183784
839.5108864011905,-12.185065241384862,87.26445529069977,0.003472316199218392
839.5675686751521,-7.300810225117568,87.26445529069986,0.0034723161992183953
839.5958347063176,-2.41630810355023,87.26445529069963,0.003472316199218386
856.8422716079349,-27.40088421981106,87.26445529069954,0.0034723161992183827
856.9871821275618,-22.41554236093191,87.26445529069987,0.0034723161992183957
857.1030868151996,-17.429441819228522,87.26445529070006,0.003472316199218403
857.1899817479052,-12.442751355678443,87.26445529069998,0.0034723161992184005
857.2478639846083,-7.4556397512258705,87.26445529069991,0.0034723161992183975
857.2767315662097,-2.468275801069064,87.26445529069986,0.0034723161992183953
874.1568498698317,-27.95560442303441,87.26445529069932,0.0034723161992183736
874.3046945855071,-22.869521611693614,87.26445529069932,0.0034723161992183736
874.4229473357398,-17.782664752017702,87.26445529069923,0.00347231619921837
874.5116041181134,-12.695206015211216,87.26445529069906,0.0034723161992183636
874.5706619319254,-7.607317592850009,87.26445529069912,0.003472316199218366
874.6001187782881,-2.5191716910531827,87.26445529069929,0.0034723161992183727
891.134945761751,-28.49952545688579,87.26445529069905,0.0034723161992183628
891.2856675411479,-23.314659439873456,87.26445529069935,0.003472316199218375
891.4062226122599,-18.129004308264424,87.26445529069932,0.0034723161992183736
891.4966068947458,-12.942735577217661,87.26445529069926,0.0034723161992183714
891.5568173294337,-7.7560287826601915,87.26445529069929,0.0034723161992183727
891.586851878424,-2.569059475345865,87.26445529069917,0.003472316199218368
907.7954523284086,-29.033254708351713,87.26445529069994,0.0034723161992183988
907.948997253084,-23.751453307520404,87.2644552907,0.003472316199218401
908.0718114776763,-18.46884800824288,87.26445529070008,0.0034723161992184044
908.1638908453803,-13.185617607081069,87.26445529070011,0.0034723161992184053
908.2252322396516,-7.9019409217542655,87.26445529070017,0.003472316199218408
908.2558335843119,-2.6179967850868326,87.26445529070013,0.003472316199218406
924.1555575445125,-29.55734465933874,87.2644552906992,0.0034723161992183693
924.3118746193406,-24.180355692171908,87.26445529069917,0.003472316199218368
924.436907171483,-18.802548309806728,87.26445529069923,0.00347231619921837
924.5306509690521,-13.424104531041909,87.26445529069916,0.0034723161992183675
924.5931028391688,-8.04520639621582,87.26445529069917,0.003472316199218368
924.6242606680694,-2.6660359610450888,87.26445529069919,0.003472316199218369
940.2309523352678,-30.072299595648474,87.26445529069909,0.0034723161992183645
940.3899932333826,-24.60177958550792,87.26445529069929,0.0034723161992183727
940.5172054242344,-19.130426896536022,87.26445529069923,0.00347231619921837
940.6125846021632,-13.658426713692553,87.26445529069912,0.003472316199218366
940.6761275389385,-8.185964243852554,87.26445529069886,0.003472316199218356
940.707832083868,-2.713224709537754,87.264455290699,0.0034723161992183615
956.0360070528072,-30.578581297074976,87.26445529069947,0.00347231619921838
956.1977258906614,-25.016103156659547,87.26445529069935,0.003472316199218375
956.3270809882358,-19.452778314099305,87.26445529069952,0.003472316199218382
956.4240679673408,-13.888795067269701,87.26445529069952,0.003472316199218382
956.4886835453276,-8.324341736330727,87.26445529069963,0.003472316199218386
956.520925535199,-2.759606657352973,87.26445529069953,0.0034723161992183823
971.5839220664778,-31.07661389164192,87.26445529069952,0.003472316199218382
971.7482752045956,-25.423673730270234,87.26445529069922,0.0034723161992183697
971.8797382741172,-19.769873072004142,87.26445529069909,0.0034723161992183645
971.9783068255061,-14.115403276989296,87.26445529069912,0.003472316199218366
972.0439775225831,-8.460455728019141,87.26445529069957,0.003472316199218384
972.076748142639,-2.8052218240573183,87.26445529069969,0.0034723161992183883
986.8868569630124,-31.566788019359844,87.26445529069922,0.0034723161992183697
987.0538028287783,-25.824811198530668,87.26445529069974,0.0034723161992183905
987.1873405907054,-20.08196030379421,87.26445529069983,0.003472316199218394
987.2874657290365,-14.338429709315754,87.26445529069962,0.0034723161992183857
987.3541748549078,-8.594413812265907,87.26445529069932,0.0034723161992183736
987.3874657104633,-2.85010702624096,87.2644552906992,0.0034723161992183693
1001.9560419576774,-32.04946442190682,87.2644552906998,0.003472316199218393
1002.1255408871234,-26.219810962638558,87.26445529069943,0.0034723161992183784
1002.2611215903961,-20.38927006018861,87.2644552906994,0.003472316199218377
1002.3627794785925,-14.558039056703223,87.26445529069962,0.0034723161992183857
1002.4305111109709,-8.726315317685987,87.26445529069997,0.0034723161992183996
1002.4643141950671,-2.894296225317773,87.26445529069991,0.0034723161992183975
1016.8018744220602,-32.52497705212654,87.26445529070003,0.003472316199218402
1016.97388851811,-26.608946480671364,87.26445529069983,0.003472316199218394
1017.111481826588,-20.69201529524305,87.26445529070018,0.0034723161992184083
1017.2146496904722,-14.774383761977933,87.26445529070062,0.0034723161992184256
1017.2833886179137,-8.856252170716523,87.26445529070074,0.0034723161992184304
1017.317696282355,-2.937820828224439,87.26445529070037,0.0034723161992184157
1031.4340028892616,-32.9936357796076,87.26445529069761,0.003472316199218306
1031.6084958942934,-26.992471484400177,87.26445529069849,0.003472316199218341
1031.7480727846687,-20.99039359432322,87.26445529069831,0.0034723161992183337
1031.8527288362282,-14.98760525741266,87.26445529069754,0.003472316199218303
1031.9224605067534,-8.984309645750407,87.26445529069736,0.0034723161992182955
1031.9572654360863,-2.980709948587744,87.26445529069773,0.0034723161992183103
1045.861400466998,-33.45572875469088,87.26445529069994,0.0034723161992183988
1046.0383376479185,-27.370621916159347,87.26445529069991,0.0034723161992183975
1046.1798703176528,-21.284588683771176,87.26445529070007,0.0034723161992184035
1046.2859936858458,-15.197835047138703,87.26445529070014,0.0034723161992184066
1046.3567041606161,-9.110567020257264,87.26445529070014,0.0034723161992184066
1046.391999348677,-3.0229906345323942,87.26445529070004,0.0034723161992184027
1060.0924292468894,-33.91152448218588,87.26445529070124,0.00347231619921845
1060.2717772911806,-27.743617627811823,87.26445529070101,0.003472316199218441
1060.4152390752379,-21.574771755062145,87.26445529070043,0.003472316199218418
1060.5228097434133,-15.40519565644937,87.26445529070023,0.00347231619921841
1060.5944856548385,-9.235098149201452,87.26445529070051,0.0034723161992184213
1060.630264383551,-3.064688068194084,87.26445529070055,0.003472316199218423
1074.1348970241447,-34.361273647217864,87.26445529069852,0.003472316199218342
1074.3166239455754,-28.111663876585474,87.26445529069812,0.0034723161992183263
1074.4619892408964,-21.861102630579424,87.2644552906982,0.003472316199218329
1074.5709879900326,-15.609801467473998,87.26445529069849,0.003472316199218341
1074.6436165037812,-9.357971970586934,87.26445529069855,0.0034723161992183432
1074.6798723239376,-3.1058257411181023,87.26445529069849,0.003472316199218341
1087.996107420964,-34.805210728489016,87.26445529069852,0.003472316199218342
1088.1801824738366,-28.474952646702505,87.26445529069922,0.0034723161992183697
1088.3274266706535,-22.14373079356726,87.26445529070003,0.003472316199218402
1088.4378350277452,-15.811759457419427,87.26445529069957,0.003472316199218384
1088.5114038081995,-9.479252951962366,87.26445529069959,0.0034723161992183844
1088.5481305219864,-3.1464256090129363,87.26445529069979,0.0034723161992183922
1101.6829043278465,-35.24355542844951,87.26445529070125,0.003472316199218451
1101.8692979288132,-28.833663820978686,87.26445529070111,0.003472316199218445
1102.0183973480277,-22.422796301118662,87.26445529070006,0.003472316199218403
1102.1301975390286,-16.011169852915483,87.26445529070031,0.0034723161992184135
1102.2046947177946,-9.599001486102098,87.26445529070071,0.003472316199218429
1102.2418863628732,-3.1865082287533872,87.26445529070037,0.0034723161992184157
1115.201711430905,-35.67651394515583,87.26445529069775,0.0034723161992183116
1115.3903950875142,-29.187966222700865,87.26445529069785,0.0034723161992183155
1115.5413269234696,-22.6984305960368,87.26445529069882,0.003472316199218354
1115.6545018302895,-16.20812671183282,87.26445529069889,0.0034723161992183567
1115.7299159774238,-9.717274242760746,87.26445529069795,0.0034723161992183194
1115.7675668123838,-3.226092880059976,87.26445529069778,0.0034723161992183125
1128.558567473503,-36.104280106725355,87.26445529069926,0.0034723161992183714
1128.749513718748,-29.538018544919616,87.26445529069989,0.003472316199218396
1128.9022559868092,-22.9707572309343,87.26445529069943,0.0034723161992183784
1129.0167891079286,-16.402718442164296,87.2644552906996,0.003472316199218385
1129.0931092055853,-9.834124482319137,87.26445529069998,0.0034723161992184005
1129.131213696628,-3.265197673898823,87.26445529069984,0.003472316199218395
1141.7591578017823,-36.52703638610831,87.26445529070108,0.003472316199218444
1141.9523401340214,-29.883970181680667,87.26445529070085,0.0034723161992184347
1142.1068716224577,-23.239892515895907,87.26445529070065,0.003472316199218427
1142.2227470367743,-16.59502826609704,87.26445529069983,0.003472316199218394
1142.2999624550189,-9.949602336249995,87.26445529069983,0.003472316199218394
1142.3385152637366,-3.3038396493315028,87.26445529070045,0.003472316199218419
1154.808842661881,-36.944954811258725,87.26445529069917,0.003472316199218368
1155.0042354895727,-30.225961973554732,87.26445529069903,0.0034723161992183623
1155.160535715298,-23.505946099342147,87.26445529069854,0.003472316199218343
1155.2777380488744,-16.785134636190165,87.26445529069936,0.0034723161992183753
1155.3558385234392,-10.063755058595717,87.2644552907003,0.0034723161992184126
1155.394834495581,-3.342034860284304,87.26445529069954,0.0034723161992183827
1167.7126826485842,-37.358197783589674,87.26445529069935,0.003472316199218375
1167.9102612393535,-30.56412687802561,87.26445529069949,0.0034723161992183805
1168.0683104071368,-23.769021490327383,87.26445529070003,0.003472316199218402
1168.1868248025569,-16.97311160956523,87.26445529069989,0.003472316199218396
1168.2658004143423,-10.176627252038488,87.26445529069954,0.0034723161992183827
1168.3052345694614,-3.379798453490407,87.26445529069954,0.0034723161992183827
1180.475461648277,-37.76691881576318,87.26445529069981,0.0034723161992183935
1180.6752020818858,-30.898590573791573,87.26445529069915,0.003472316199218367
1180.8349810466893,-24.0292165293324,87.26445529069917,0.003472316199218368
1180.954793134763,-17.15902918517398,87.26445529069983,0.003472316199218394
1181.034634290913,-10.288261071631819,87.26445529069969,0.0034723161992183883
1181.0745018128127,-3.417144738678297,87.26445529069966,0.0034723161992183875
1193.0926459021487,-38.171145481921364,87.1332603598187,0.0034670958574167256
1193.316078025991,-30.4992532911825,87.19242855786575,0.0034694502030878575
1193.4530504329937,-24.286433606230595,87.0958284908029,0.003465606416100469
1193.5928842955639,-16.881537834768757,87.20939570511294,0.003470125338227871
1193.6554754987587,-10.398613074362155,87.10622618745658,0.003466020148019208
1193.7000791630203,-3.4540872519288492,87.16445392471125,0.003468337072070813
4.999010993303932,-0.07271918059670172,0.00011936686275343875,4.749694360755577e-09
1199.872791349448,-17.207814655521105,0.003463923939512007,1.3783205507855614e-07
1199.5332993246138,-33.365941679797544,0.0013622204716374074,5.420374417987795e-08
