seed,group,scenario,s22_time,s21_time,delta_s,delta_pct,s22_m,s21_m,s22_measures,s21_measures,world_sha256
800,random,uniform,5667.853878,5726.208244,58.35436600000048,1.0295672269623024,19794.26936439259,19921.04122385776,279,285,645a9cca18ab7166189a0400725db0fe3a685ee200d110eb85b989dc2a589a4e
801,random,uniform,5382.434419,5629.846097,247.41167799999948,4.59665011665793,20047.172067922256,20644.23047210931,220,242,41d4aaef62d5feaaae135811bef0d47e697583818746e76aa49bf6fd2c1a8f1c
802,random,uniform,5943.294115,5656.187567,-287.10654799999975,-4.830764596949444,21731.470552222934,20505.937832267384,259,251,5f7e3c52f3f5211b27b99d6411e44225449deaff45a3abc6f2fafe74934e8e24
803,random,uniform,5820.102689,5796.223498,-23.87919099999999,-0.41028813881809345,22580.513424039713,22751.11748718578,207,197,9574951706c556ce781040ddc368ab4995be790ee770ff24152a0471f368aaa9
804,random,uniform,5774.564459,5955.272395,180.7079359999998,3.1293777614406215,21127.822279775257,21606.361968397814,250,266,fc12f1d1a9cfa94ccea93b3b39bc118bc28fc55ff73669e02204061847a312b4
805,random,uniform,5356.042045,5423.672951,67.63090599999941,1.262703045117708,19495.2102084536,19343.36474979918,236,252,9fc0107f43882f833d81d26c9d7d9094ae4a411f957ad4f1eaa4da20763e3cd8
806,random,uniform,5915.147232,5576.747623,-338.39960900000005,-5.720899171694526,22195.73613291984,21468.738131482827,238,204,19dfbc29bf0dfb6aac6824b1f039f7aa564c47949fda8347545f86d7a41ad277
807,random,uniform,6152.722112,6070.489569,-82.23254300000008,-1.336522948754948,22588.610535076044,21947.44785949236,264,272,bdb682f3a828e99ea3ef7d9b8750e360947c9adb40dc20e886ec1366ea80693c
808,random,uniform,5793.916206,5630.779201,-163.1370049999996,-2.815660413436083,22579.5810317305,22413.89598666734,203,181,fa8de7dfb3f95aba5a64bb0fd0e821ebd8dae150bdebdbd7b810938ad5386317
809,random,uniform,5730.787445,5608.733828,-122.05361699999958,-2.1297878899083744,20478.937197721923,20173.669144433134,265,254,ba681558cc2b7633157c7bb68e103ca6217a1f57b10c016aa342f4ede3c98c22
810,random,uniform,5974.51228,5710.815243,-263.6970369999999,-4.413699807476168,20557.561368700026,19349.076218218604,305,301,a854f05dc790f615b55243b455cfdf111e1a1c970bf6d417b2415f752018fb48
811,random,uniform,5899.445113,5701.686327,-197.75878599999942,-3.352159096526197,21002.22555724059,20498.43162396534,278,261,3e78683c4500375c4e690b6876cd867579673150da13b191719144ccd061aa8a
812,random,uniform,5596.603034,5894.546997,297.9439630000006,5.323657246904179,21288.015163717195,22437.734985403087,213,224,692b078aed55782109334e2ad4b5c31c65636be96807b3daec33a8fbd66a4b6a
813,random,uniform,6129.330978,5671.829578,-457.5014000000001,-7.464132735564599,23016.65485688003,20654.147881825345,246,248,9ec35bcba3a5ca2e5e63203d9447128dafdc572d2e5fb9026100cc50a35d0b01
814,random,uniform,5665.691769,5608.547436,-57.14433300000019,-1.008602926701152,19678.458811135722,19617.737178112642,282,274,f66bce177f7991d2f730fe6630d3105cc2f2536bb5d9c9bcfbeed2a08212c375
815,random,uniform,5728.542255,4909.122549,-819.4197060000006,-14.304157489364645,21622.71127576282,19260.612701272596,222,165,8213684ac237229ac7ba94ceefe41a5ad00f0bb10b47f50d73978b6350e9b65f
9100,stress,uniform,6382.441303,5852.259303,-530.1819999999998,-8.306884071942712,22302.20649358184,20116.296514871083,317,300,7198a7114b78253bd47cc5ba6975686c2933dfd17ad57476bdef2a22c729df82
9101,stress,uniform,5562.127435,5234.203772,-327.9236630000005,-5.895651741751228,21860.637165069864,20296.018867489245,188,185,153b47dc366984723c2ab233a4f43c7e08aa85172ddbaa12ef031e7aac047768
9102,stress,boundary,6181.398315,5967.318519,-214.079796,-3.46329074896381,20231.991571735616,19511.59260009726,351,337,45d9efddc8d197125fd14d52ef33f63e73257fc8e7348cf2f867d41f4fe1d788
9103,stress,boundary,6254.964739,6233.94968,-21.015059000000292,-0.3359740602368322,22764.823704379894,23389.74840728833,272,249,c0e115666156c7a6de8cbd11c41d3a9ef727ca4d89a334964292785490450008
9104,stress,outward,6560.36637,6633.896308,73.52993800000058,1.1208206044138969,20876.831821919935,22044.48152720605,390,364,ddcfc7bf0a9f399ea8f4233a578de8c42703f6767e4563a44f1187bd6f050206
9105,stress,outward,7220.05025,7115.29787,-104.7523799999999,-1.4508538912177182,25105.25124962944,24626.4893315056,355,353,c23f2be8da3ef8bcbfc27846217d890dce85b2ef01549da6e53fd1f077a9e335
9106,stress,tangent,6257.323937,5983.8042,-273.51973700000053,-4.371193496674497,20551.619668512034,19324.020977446053,351,345,8fa8ea90edc4293a9215aca26b82037d35e7c13d61b554b58ae96d760d9cf9dc
9107,stress,tangent,5834.077674,4299.203521,-1534.8741529999998,-26.308771304850463,21670.388364136375,14986.01760641416,240,205,ef68ad75b94e2c6ac01f9287800ff1382c28867938d0cf4ea25e0664f45f718a
9108,stress,cluster,5732.934085,6451.473476,718.5393910000003,12.533536586091776,19304.670407348134,19652.367374545163,308,415,b6072e95df3c6616b6695a8e961c5e2ef1af3aa19cc96d1794f24a0170e45da2
9109,stress,cluster,2835.667046,1726.64774,-1109.019306,-39.10964468005458,8963.335238064335,5198.238688298686,161,100,2767ad2a08221c9a894b9c0145659110fe3807545b9312c8a0380a57e72443b2
9110,stress,near,6235.458014,5950.790214,-284.66780000000017,-4.565306980832162,20897.290040607364,20593.951061959782,337,297,e50d0ae41fac1e00ef206cd886499efe9ef55e7515a10345ee4a137b481868b7
9111,stress,near,4986.189708,5131.635647,145.44593900000018,2.916975637060948,19525.94854723151,20313.178248025444,168,167,4e95d61c8c0494d3a80fce769a5db329df1cb02a6c3f63c5b22e295b3476a814
9112,stress,backside,6782.610148,6712.410833,-70.19931499999984,-1.034989679020537,23023.050721267537,22632.054157062055,357,358,aac1011da4484b62a60e8eafa3a9064650dc0c22629598030eb1fe79d91b6a8f
9113,stress,backside,6488.842686,6799.195156,310.3524699999998,4.782863216419164,24039.213413528905,25580.975768217828,269,271,eee1a26023e5a4671b3db2909259ebcd31ee20b574c47d24cba7011f7006d62b
