method,case,family,sources,cleared,virtual_time_s,s_per_source,movement_m,measurements,failed_clears,runtime_s,planning_calls,planning_time_s,cover_searches,failure
latest,n10_uniform_disk_0,uniform_disk,10,10,3055.977615056573,305.59776150565733,10769.888075282866,142,2,0.14377959999546874,0,0.0,0,
latest,n10_outer_ring_3,outer_ring,10,10,3399.026995865213,339.9026995865213,12030.13497932607,157,3,0.12174120001145639,0,0.0,0,
latest,n10_narrow_sector_2,narrow_sector,10,10,2536.957295772479,253.6957295772479,8819.786478862397,120,2,0.1870142000116175,0,0.0,0,
latest,n11_uniform_disk_1,uniform_disk,11,11,3013.0071715108525,273.90974286462296,10820.03585755426,131,4,0.1788312999997288,0,0.0,0,
latest,n11_two_clusters_0,two_clusters,11,11,2530.8770714767315,230.07973377061197,8519.385357383662,129,1,0.15634840000711847,0,0.0,0,
latest,n11_narrow_sector_3,narrow_sector,11,11,2704.489152819703,245.86265025633665,9837.445764098517,114,1,0.19540799999958836,0,0.0,0,
latest,n12_uniform_disk_2,uniform_disk,12,12,3220.7945994398783,268.3995499533232,11458.972997199386,146,0,0.19886079999560025,0,0.0,0,
latest,n12_two_clusters_1,two_clusters,12,12,2273.7020405007606,189.47517004173005,7478.510202503801,120,0,0.21552250000240747,0,0.0,0,
latest,n12_coverage_seams_0,coverage_seams,12,12,3290.890339137453,274.24086159478776,12039.451695687261,135,7,0.1481944000115618,0,0.0,0,
latest,n13_uniform_disk_3,uniform_disk,13,13,3095.3339992678575,238.10261532829674,11866.669996339288,110,1,0.22576119999575894,0,0.0,0,
latest,n13_two_clusters_2,two_clusters,13,13,2256.7450460606246,173.5957727738942,7403.725230303124,119,0,0.22829369999817573,0,0.0,0,
latest,n13_coverage_seams_1,coverage_seams,13,13,3528.191255546526,271.39932734973274,13225.956277732626,132,13,0.18182979999983218,0,0.0,0,
latest,n14_outer_ring_0,outer_ring,14,14,4140.474309988249,295.7481649991606,16107.371549941243,142,2,0.18550560000585392,0,0.0,0,
latest,n14_two_clusters_3,two_clusters,14,14,2501.1442466411254,178.6531604743661,8550.721233205626,121,0,0.25869269999384414,0,0.0,0,
latest,n14_coverage_seams_2,coverage_seams,14,14,3485.5431405603545,248.96736718288247,12887.71570280177,137,9,0.16594599999370985,0,0.0,0,
latest,n15_outer_ring_1,outer_ring,15,15,3552.6367606012072,236.84245070674714,13453.183803006035,130,5,0.21091739999246784,0,0.0,0,
latest,n15_narrow_sector_0,narrow_sector,15,15,2527.249868517526,168.48332456783507,9371.249342587631,97,0,0.26487480000650976,0,0.0,0,
latest,n15_coverage_seams_3,coverage_seams,15,15,3634.8777857414925,242.3251857160995,14004.388928707463,123,12,0.19523880000633653,0,0.0,0,
latest,n16_outer_ring_2,outer_ring,16,16,3361.872752134523,210.1170470084077,12684.363760672613,124,3,0.23619600001256913,0,0.0,0,
latest,n16_narrow_sector_1,narrow_sector,16,16,1174.4192916491306,73.40120572807066,3807.0964582456536,56,0,0.08521010000549722,0,0.0,0,
mec,n10_uniform_disk_0,uniform_disk,10,10,3072.8887462211233,307.2888746221123,10834.443731105617,143,1,0.15089150000130758,0,0.0,0,
mec,n10_outer_ring_3,outer_ring,10,10,3493.9643400803666,349.39643400803664,12519.821700401835,157,2,0.1281376000115415,0,0.0,0,
mec,n10_narrow_sector_2,narrow_sector,10,10,2559.460242985944,255.9460242985944,8932.301214929721,120,2,0.20294079999439418,0,0.0,0,
mec,n11_uniform_disk_1,uniform_disk,11,11,3005.2523040270053,273.20475491154593,10796.261520135027,131,3,0.20931000000564381,0,0.0,0,
mec,n11_two_clusters_0,two_clusters,11,11,2522.01240535083,229.27385503189362,8445.062026754149,130,1,0.17061269999248907,0,0.0,0,
mec,n11_narrow_sector_3,narrow_sector,11,11,2620.140681969424,238.19460745176582,9515.703409847118,111,0,0.20373160000599455,0,0.0,0,
mec,n12_uniform_disk_2,uniform_disk,12,12,3321.8222789889987,276.8185232490832,12369.11139494499,132,1,0.20474410000315402,0,0.0,0,
mec,n12_two_clusters_1,two_clusters,12,12,2295.387393472327,191.28228278936058,7461.936967361635,124,0,0.27657339999859687,0,0.0,0,
mec,n12_coverage_seams_0,coverage_seams,12,12,3356.4186584554836,279.7015548712903,12242.093292277408,138,10,0.17115069999999832,0,0.0,0,
mec,n13_uniform_disk_3,uniform_disk,13,13,3249.6270686326416,249.97131297174167,12148.135343163212,126,1,0.21924310000031255,0,0.0,0,
mec,n13_two_clusters_2,two_clusters,13,13,2300.438859523821,176.95683534798624,7602.194297619106,119,1,0.2461670999909984,0,0.0,0,
mec,n13_coverage_seams_1,coverage_seams,13,13,3527.6991049292565,271.3614696099428,13223.495524646281,132,13,0.19139590000850148,0,0.0,0,
mec,n14_outer_ring_0,outer_ring,14,14,4050.8451985924808,289.34608561374864,15694.225992962405,140,3,0.17959680000785738,0,0.0,0,
mec,n14_two_clusters_3,two_clusters,14,14,2473.7983814804506,176.69988439146076,8343.991907402251,123,0,0.2580831999948714,0,0.0,0,
mec,n14_coverage_seams_2,coverage_seams,14,14,3487.2079606682264,249.08628290487331,12896.03980334114,137,9,0.17354730000079144,0,0.0,0,
mec,n15_outer_ring_1,outer_ring,15,15,3532.130331681468,235.47535544543118,13360.651658407336,130,4,0.24056890000065323,0,0.0,0,
mec,n15_narrow_sector_0,narrow_sector,15,15,2591.120409469242,172.74136063128282,9400.602047346214,106,1,0.30898469999374356,0,0.0,0,
mec,n15_coverage_seams_3,coverage_seams,15,15,3686.9569836105716,245.79713224070477,14179.784918052856,125,14,0.1986544999963371,0,0.0,0,
mec,n16_outer_ring_2,outer_ring,16,16,3354.7408575706854,209.67130359816784,12678.704287853425,123,3,0.24957630000426434,0,0.0,0,
mec,n16_narrow_sector_1,narrow_sector,16,16,1174.3367651725052,73.39604782328158,3806.6838258625285,56,0,0.09338530000241008,0,0.0,0,
q2,n10_uniform_disk_0,uniform_disk,10,10,3033.228044012659,303.3228044012659,10781.140220063293,138,0,0.5729285999987042,7,0.4374580000003334,0,
q2,n10_outer_ring_3,outer_ring,10,10,3425.512307797687,342.5512307797687,12187.561538988428,156,3,0.46851179999066517,7,0.34798960002081003,0,
q2,n10_narrow_sector_2,narrow_sector,10,10,2551.6003279797937,255.16003279797937,8918.001639898966,119,2,0.3985007000010228,4,0.20325819999561645,0,
q2,n11_uniform_disk_1,uniform_disk,11,11,2894.002290066419,263.09111727876535,10495.011450332093,123,2,0.5830604000075255,6,0.36123850000149105,0,
q2,n11_two_clusters_0,two_clusters,11,11,2406.1477540490323,218.7407049135484,7945.7387702451615,127,1,0.4125394000002416,4,0.24854240000422578,0,
q2,n11_narrow_sector_3,narrow_sector,11,11,2646.327105756364,240.5751914323967,9616.63552878182,111,2,0.4421585999953095,4,0.2307351000054041,0,
q2,n12_uniform_disk_2,uniform_disk,12,12,3259.8532399470537,271.65443666225445,12069.266199735268,131,2,0.7274562000093283,9,0.5212393000110751,0,
q2,n12_two_clusters_1,two_clusters,12,12,2295.387393472327,191.28228278936058,7461.936967361635,124,0,0.2524402999988524,0,0.0,0,
q2,n12_coverage_seams_0,coverage_seams,12,12,3197.317617148875,266.44313476240626,11571.588085744379,135,7,0.5728128000046127,7,0.4082988000154728,0,
q2,n13_uniform_disk_3,uniform_disk,13,13,3197.1429133118513,245.93407025475778,12040.714566559254,121,0,0.4219033999979729,3,0.19885089999297634,0,
q2,n13_two_clusters_2,two_clusters,13,13,2293.7086256169864,176.4391250474605,7568.543128084933,119,1,0.2961722999898484,1,0.05342729999392759,0,
q2,n13_coverage_seams_1,coverage_seams,13,13,3375.6320553139203,259.66400425491696,12438.1602765696,133,13,0.9244867999950657,13,0.7369070999848191,0,
q2,n14_outer_ring_0,outer_ring,14,14,3862.8471991904353,275.91765708503107,14809.235995952175,139,1,0.28331729999626987,2,0.10393830001703463,0,
q2,n14_two_clusters_3,two_clusters,14,14,2399.812713718722,171.4151938370516,8094.063568593611,119,0,0.35116289999859873,2,0.09859510000387672,0,
q2,n14_coverage_seams_2,coverage_seams,14,14,3374.9674458058075,241.0691032718434,12334.837229029039,137,9,0.7171758000040427,9,0.5294119000172941,0,
q2,n15_outer_ring_1,outer_ring,15,15,3519.325825600591,234.62172170670607,13281.629128002955,130,5,0.7299628999899141,9,0.5027902000001632,0,
q2,n15_narrow_sector_0,narrow_sector,15,15,2520.8237280647695,168.05491520431798,9359.118640323844,96,0,0.32081570000445936,1,0.055058700003428385,0,
q2,n15_coverage_seams_3,coverage_seams,15,15,3492.423767060958,232.82825113739722,13292.11883530479,123,12,0.9196878999937326,12,0.7141259999916656,0,
q2,n16_outer_ring_2,outer_ring,16,16,3338.8104965038933,208.67565603149333,12599.052482519463,123,3,0.5064699000067776,5,0.2606839000072796,0,
q2,n16_narrow_sector_1,narrow_sector,16,16,1168.7067418842855,73.04417136776785,3833.5337094214296,54,0,0.20250189999933355,2,0.11321029998362064,0,
